w_mse_2m_temperature_1_hours,w_mse,w_rmse_2m_temperature_1_hours,w_rmse,acc_2m_temperature_1_hours,acc,hours
0.4177665114402771,0.4177665114402771,13.854270935058594,13.854270935058594,0.1757977306842804,0.1757977306842804,1
0.39452362060546875,0.39452362060546875,13.463359832763672,13.463359832763672,0.16549308598041534,0.16549308598041534,2
0.4644697606563568,0.4644697606563568,14.60816478729248,14.60816478729248,0.19204077124595642,0.19204077124595642,3
0.38314929604530334,0.38314929604530334,13.267861366271973,13.267861366271973,0.10700199007987976,0.10700199007987976,4
0.514763593673706,0.514763593673706,15.378742218017578,15.378742218017578,0.14239805936813354,0.14239805936813354,5
0.5654129385948181,0.5654129385948181,16.117578506469727,16.117578506469727,0.28352469205856323,0.28352469205856323,6
0.435151606798172,0.435151606798172,14.139602661132812,14.139602661132812,0.21831084787845612,0.21831084787845612,7
0.4583614766597748,0.4583614766597748,14.511789321899414,14.511789321899414,0.20680095255374908,0.20680095255374908,8
0.3842412829399109,0.3842412829399109,13.286754608154297,13.286754608154297,0.3542421758174896,0.3542421758174896,9
0.46399712562561035,0.46399712562561035,14.600728988647461,14.600728988647461,0.18449629843235016,0.18449629843235016,10
0.3907185196876526,0.3907185196876526,13.398274421691895,13.398274421691895,0.14332880079746246,0.14332880079746246,11
0.3610644042491913,0.3610644042491913,12.879802703857422,12.879802703857422,0.2314676195383072,0.2314676195383072,12
0.44182032346725464,0.44182032346725464,14.247535705566406,14.247535705566406,0.21882976591587067,0.21882976591587067,13
0.47169116139411926,0.47169116139411926,14.721287727355957,14.721287727355957,0.21095897257328033,0.21095897257328033,14
0.2939625382423401,0.2939625382423401,11.621520042419434,11.621520042419434,0.3441305160522461,0.3441305160522461,15
0.33519333600997925,0.33519333600997925,12.409795761108398,12.409795761108398,0.21581949293613434,0.21581949293613434,16
0.34266120195388794,0.34266120195388794,12.547273635864258,12.547273635864258,0.2629345655441284,0.2629345655441284,17
0.5090113282203674,0.5090113282203674,15.292576789855957,15.292576789855957,0.1706884652376175,0.1706884652376175,18
0.34407562017440796,0.34407562017440796,12.57314395904541,12.57314395904541,0.31339114904403687,0.31339114904403687,19
0.38365304470062256,0.38365304470062256,13.276579856872559,13.276579856872559,0.2417043298482895,0.2417043298482895,20
0.4434605836868286,0.4434605836868286,14.27396011352539,14.27396011352539,0.21440832316875458,0.21440832316875458,21
0.48079848289489746,0.48079848289489746,14.862724304199219,14.862724304199219,0.17224706709384918,0.17224706709384918,22
0.3968150019645691,0.3968150019645691,13.502399444580078,13.502399444580078,0.21512818336486816,0.21512818336486816,23
0.4192270338535309,0.4192270338535309,13.878469467163086,13.878469467163086,0.20793786644935608,0.20793786644935608,24
0.5076855421066284,0.5076855421066284,15.2726469039917,15.2726469039917,0.16416777670383453,0.16416777670383453,25
0.484108030796051,0.484108030796051,14.91379165649414,14.91379165649414,0.1940048485994339,0.1940048485994339,26
0.44255340099334717,0.44255340099334717,14.259349822998047,14.259349822998047,0.20267382264137268,0.20267382264137268,27
0.4277522563934326,0.4277522563934326,14.018872261047363,14.018872261047363,0.2518724203109741,0.2518724203109741,28
0.46837180852890015,0.46837180852890015,14.669398307800293,14.669398307800293,0.1903117448091507,0.1903117448091507,29
0.4437505900859833,0.4437505900859833,14.278624534606934,14.278624534606934,0.2081184983253479,0.2081184983253479,30
0.528892457485199,0.528892457485199,15.588366508483887,15.588366508483887,0.3415011465549469,0.3415011465549469,31
0.48312145471572876,0.48312145471572876,14.898587226867676,14.898587226867676,0.22459889948368073,0.22459889948368073,32
0.4065302908420563,0.4065302908420563,13.666690826416016,13.666690826416016,0.12455718219280243,0.12455718219280243,33
0.46742281317710876,0.46742281317710876,14.654529571533203,14.654529571533203,0.1966419219970703,0.1966419219970703,34
0.37144893407821655,0.37144893407821655,13.063709259033203,13.063709259033203,0.2385215014219284,0.2385215014219284,35
0.489380806684494,0.489380806684494,14.994790077209473,14.994790077209473,0.17845448851585388,0.17845448851585388,36
0.3600756525993347,0.3600756525993347,12.862156867980957,12.862156867980957,0.11127843707799911,0.11127843707799911,37
0.554248571395874,0.554248571395874,15.957659721374512,15.957659721374512,0.14596706628799438,0.14596706628799438,38
0.402789443731308,0.402789443731308,13.60366439819336,13.60366439819336,0.15320183336734772,0.15320183336734772,39
0.46722614765167236,0.46722614765167236,14.651446342468262,14.651446342468262,0.20583504438400269,0.20583504438400269,40
0.446368545293808,0.446368545293808,14.32068157196045,14.32068157196045,0.19185473024845123,0.19185473024845123,41
0.40835025906562805,0.40835025906562805,13.697248458862305,13.697248458862305,0.17034053802490234,0.17034053802490234,42
0.5736478567123413,0.5736478567123413,16.234525680541992,16.234525680541992,0.3225786089897156,0.3225786089897156,43
0.48611390590667725,0.48611390590667725,14.944656372070312,14.944656372070312,0.21605275571346283,0.21605275571346283,44
0.5028842091560364,0.5028842091560364,15.20025634765625,15.20025634765625,0.15773344039916992,0.15773344039916992,45
0.4974561929702759,0.4974561929702759,15.117999076843262,15.117999076843262,0.16812267899513245,0.16812267899513245,46
0.5892425179481506,0.5892425179481506,16.453712463378906,16.453712463378906,0.34440454840660095,0.34440454840660095,47
0.42887142300605774,0.42887142300605774,14.037199020385742,14.037199020385742,0.21611015498638153,0.21611015498638153,48
0.5066443681716919,0.5066443681716919,15.256978034973145,15.256978034973145,0.14543354511260986,0.14543354511260986,49
0.4093605875968933,0.4093605875968933,13.71418285369873,13.71418285369873,0.1431514322757721,0.1431514322757721,50
0.4511404037475586,0.4511404037475586,14.397025108337402,14.397025108337402,0.22764524817466736,0.22764524817466736,51
0.44886431097984314,0.44886431097984314,14.360662460327148,14.360662460327148,0.20672763884067535,0.20672763884067535,52
0.4763174057006836,0.4763174057006836,14.793302536010742,14.793302536010742,0.11802957206964493,0.11802957206964493,53
0.36308929324150085,0.36308929324150085,12.915868759155273,12.915868759155273,0.1718372404575348,0.1718372404575348,54
0.5328986644744873,0.5328986644744873,15.647293090820312,15.647293090820312,0.17561325430870056,0.17561325430870056,55
0.45881402492523193,0.45881402492523193,14.518950462341309,14.518950462341309,0.2085241973400116,0.2085241973400116,56
0.5665698051452637,0.5665698051452637,16.134057998657227,16.134057998657227,0.13310472667217255,0.13310472667217255,57
0.5037643909454346,0.5037643909454346,15.213554382324219,15.213554382324219,0.1672007143497467,0.1672007143497467,58
0.4584457576274872,0.4584457576274872,14.513123512268066,14.513123512268066,0.19816799461841583,0.19816799461841583,59
0.3646584451198578,0.3646584451198578,12.943747520446777,12.943747520446777,0.20230457186698914,0.20230457186698914,60
0.5185686945915222,0.5185686945915222,15.435476303100586,15.435476303100586,0.12160734087228775,0.12160734087228775,61
0.5137661695480347,0.5137661695480347,15.363836288452148,15.363836288452148,0.1279609501361847,0.1279609501361847,62
0.48369020223617554,0.48369020223617554,14.907353401184082,14.907353401184082,0.20231209695339203,0.20231209695339203,63
0.4639129340648651,0.4639129340648651,14.599405288696289,14.599405288696289,0.2291010022163391,0.2291010022163391,64
0.336345911026001,0.336345911026001,12.431111335754395,12.431111335754395,0.18525035679340363,0.18525035679340363,65
0.4977013170719147,0.4977013170719147,15.121726036071777,15.121726036071777,0.10127034783363342,0.10127034783363342,66
0.4806022346019745,0.4806022346019745,14.859692573547363,14.859692573547363,0.1673087179660797,0.1673087179660797,67
0.3490109443664551,0.3490109443664551,12.662995338439941,12.662995338439941,0.3255728781223297,0.3255728781223297,68
0.48663562536239624,0.48663562536239624,14.95267391204834,14.95267391204834,0.13669486343860626,0.13669486343860626,69
0.3274691104888916,0.3274691104888916,12.265975952148438,12.265975952148438,0.2057209610939026,0.2057209610939026,70
0.5089090466499329,0.5089090466499329,15.291038513183594,15.291038513183594,0.08390645682811737,0.08390645682811737,71
0.5107536315917969,0.5107536315917969,15.318727493286133,15.318727493286133,0.1887018382549286,0.1887018382549286,72
0.635789692401886,0.635789692401886,17.091243743896484,17.091243743896484,0.2564444839954376,0.2564444839954376,73
0.5156267285346985,0.5156267285346985,15.391629219055176,15.391629219055176,0.0995345264673233,0.0995345264673233,74
0.47570332884788513,0.47570332884788513,14.783761978149414,14.783761978149414,0.19440817832946777,0.19440817832946777,75
0.5044084787368774,0.5044084787368774,15.223275184631348,15.223275184631348,0.15547378361225128,0.15547378361225128,76
0.40449631214141846,0.40449631214141846,13.632458686828613,13.632458686828613,0.09687566757202148,0.09687566757202148,77
0.4806562662124634,0.4806562662124634,14.860527992248535,14.860527992248535,0.14138050377368927,0.14138050377368927,78
0.4890306293964386,0.4890306293964386,14.989423751831055,14.989423751831055,0.18363606929779053,0.18363606929779053,79
0.46424511075019836,0.46424511075019836,14.604629516601562,14.604629516601562,0.17431224882602692,0.17431224882602692,80
0.49210381507873535,0.49210381507873535,15.03644847869873,15.03644847869873,0.20563259720802307,0.20563259720802307,81
0.49040013551712036,0.49040013551712036,15.010397911071777,15.010397911071777,0.07959312945604324,0.07959312945604324,82
0.5971023440361023,0.5971023440361023,16.563087463378906,16.563087463378906,0.31702721118927,0.31702721118927,83
0.4726327061653137,0.4726327061653137,14.73597240447998,14.73597240447998,0.17828349769115448,0.17828349769115448,84
0.4709209203720093,0.4709209203720093,14.709261894226074,14.709261894226074,0.10709232836961746,0.10709232836961746,85
0.47455930709838867,0.47455930709838867,14.765975952148438,14.765975952148438,0.09950587898492813,0.09950587898492813,86
0.524750292301178,0.524750292301178,15.527203559875488,15.527203559875488,0.15315252542495728,0.15315252542495728,87
0.541772723197937,0.541772723197937,15.77703857421875,15.77703857421875,0.17441675066947937,0.17441675066947937,88
0.6097478866577148,0.6097478866577148,16.73755645751953,16.73755645751953,0.27053290605545044,0.27053290605545044,89
0.524534285068512,0.524534285068512,15.524008750915527,15.524008750915527,0.07307834923267365,0.07307834923267365,90
0.44749465584754944,0.44749465584754944,14.338733673095703,14.338733673095703,0.05132744088768959,0.05132744088768959,91
0.5520174503326416,0.5520174503326416,15.925509452819824,15.925509452819824,0.27803370356559753,0.27803370356559753,92
0.5179571509361267,0.5179571509361267,15.426371574401855,15.426371574401855,0.05309230089187622,0.05309230089187622,93
0.5448108911514282,0.5448108911514282,15.82121467590332,15.82121467590332,0.05584551393985748,0.05584551393985748,94
0.523534893989563,0.523534893989563,15.509211540222168,15.509211540222168,0.07850044220685959,0.07850044220685959,95
0.48174309730529785,0.48174309730529785,14.877318382263184,14.877318382263184,0.10572931915521622,0.10572931915521622,96
0.5159843564033508,0.5159843564033508,15.396966934204102,15.396966934204102,0.061631329357624054,0.061631329357624054,97
0.5156291723251343,0.5156291723251343,15.391667366027832,15.391667366027832,0.11323368549346924,0.11323368549346924,98
0.5244693756103516,0.5244693756103516,15.523048400878906,15.523048400878906,0.12065034359693527,0.12065034359693527,99
0.5260180830955505,0.5260180830955505,15.54594898223877,15.54594898223877,0.11197225004434586,0.11197225004434586,100
0.5185019969940186,0.5185019969940186,15.434484481811523,15.434484481811523,0.06827084720134735,0.06827084720134735,101
0.5043781995773315,0.5043781995773315,15.222817420959473,15.222817420959473,0.11327768117189407,0.11327768117189407,102
0.3932608962059021,0.3932608962059021,13.441797256469727,13.441797256469727,0.0825624018907547,0.0825624018907547,103
0.4750898480415344,0.4750898480415344,14.774227142333984,14.774227142333984,0.1425919532775879,0.1425919532775879,104
0.6288484334945679,0.6288484334945679,16.997692108154297,16.997692108154297,0.20133306086063385,0.20133306086063385,105
0.5160859823226929,0.5160859823226929,15.398482322692871,15.398482322692871,0.0993277058005333,0.0993277058005333,106
0.34454047679901123,0.34454047679901123,12.581633567810059,12.581633567810059,0.1542167067527771,0.1542167067527771,107
0.39112797379493713,0.39112797379493713,13.405292510986328,13.405292510986328,0.13798768818378448,0.13798768818378448,108
0.5577518343925476,0.5577518343925476,16.008010864257812,16.008010864257812,0.06576712429523468,0.06576712429523468,109
0.5290957093238831,0.5290957093238831,15.591361999511719,15.591361999511719,0.07117778062820435,0.07117778062820435,110
0.5416135787963867,0.5416135787963867,15.774720191955566,15.774720191955566,0.1138901636004448,0.1138901636004448,111
0.47371920943260193,0.47371920943260193,14.752901077270508,14.752901077270508,0.04956333711743355,0.04956333711743355,112
0.48890504240989685,0.48890504240989685,14.98749828338623,14.98749828338623,0.012974981218576431,0.012974981218576431,113
0.5505832433700562,0.5505832433700562,15.904806137084961,15.904806137084961,0.11165597289800644,0.11165597289800644,114
0.4251341223716736,0.4251341223716736,13.97590446472168,13.97590446472168,0.19136767089366913,0.19136767089366913,115
0.5409254431724548,0.5409254431724548,15.76469612121582,15.76469612121582,0.09330885857343674,0.09330885857343674,116
0.5888827443122864,0.5888827443122864,16.44869041442871,16.44869041442871,0.06662026792764664,0.06662026792764664,117
0.6018016934394836,0.6018016934394836,16.628135681152344,16.628135681152344,0.0727403461933136,0.0727403461933136,118
0.4781370759010315,0.4781370759010315,14.821533203125,14.821533203125,0.14713889360427856,0.14713889360427856,119
0.43736550211906433,0.43736550211906433,14.175525665283203,14.175525665283203,0.12818361818790436,0.12818361818790436,120
0.5460435152053833,0.5460435152053833,15.839101791381836,15.839101791381836,0.06174038350582123,0.06174038350582123,121
0.5454291105270386,0.5454291105270386,15.830187797546387,15.830187797546387,0.03421802073717117,0.03421802073717117,122
0.5216941833496094,0.5216941833496094,15.48192310333252,15.48192310333252,0.07669951766729355,0.07669951766729355,123
0.5099807381629944,0.5099807381629944,15.307130813598633,15.307130813598633,0.1416010558605194,0.1416010558605194,124
0.5750487446784973,0.5750487446784973,16.254335403442383,16.254335403442383,0.047076113522052765,0.047076113522052765,125
0.5610188841819763,0.5610188841819763,16.054828643798828,16.054828643798828,0.04015832766890526,0.04015832766890526,126
0.6242436170578003,0.6242436170578003,16.935340881347656,16.935340881347656,0.19573284685611725,0.19573284685611725,127
0.4284846782684326,0.4284846782684326,14.030868530273438,14.030868530273438,0.03430717810988426,0.03430717810988426,128
0.5506225824356079,0.5506225824356079,15.905374526977539,15.905374526977539,0.028595827519893646,0.028595827519893646,129
0.5022311806678772,0.5022311806678772,15.190383911132812,15.190383911132812,0.06595005840063095,0.06595005840063095,130
0.525580644607544,0.525580644607544,15.539483070373535,15.539483070373535,0.0767139196395874,0.0767139196395874,131
0.5423679351806641,0.5423679351806641,15.785700798034668,15.785700798034668,0.07124076783657074,0.07124076783657074,132
0.4993443787097931,0.4993443787097931,15.1466646194458,15.1466646194458,0.09788763523101807,0.09788763523101807,133
0.5625377893447876,0.5625377893447876,16.07654571533203,16.07654571533203,0.037453364580869675,0.037453364580869675,134
0.56086266040802,0.56086266040802,16.052595138549805,16.052595138549805,0.06359254568815231,0.06359254568815231,135
0.5324369072914124,0.5324369072914124,15.640511512756348,15.640511512756348,0.0758468508720398,0.0758468508720398,136
0.5207043886184692,0.5207043886184692,15.467228889465332,15.467228889465332,0.02610420621931553,0.02610420621931553,137
0.23058441281318665,0.23058441281318665,10.29276180267334,10.29276180267334,0.2759852409362793,0.2759852409362793,138
0.5527471303939819,0.5527471303939819,15.936030387878418,15.936030387878418,0.10499759018421173,0.10499759018421173,139
0.5051942467689514,0.5051942467689514,15.235127449035645,15.235127449035645,0.14432881772518158,0.14432881772518158,140
0.6018228530883789,0.6018228530883789,16.628429412841797,16.628429412841797,0.07894530147314072,0.07894530147314072,141
0.43756288290023804,0.43756288290023804,14.178723335266113,14.178723335266113,0.051497213542461395,0.051497213542461395,142
0.49932557344436646,0.49932557344436646,15.146378517150879,15.146378517150879,0.10279705375432968,0.10279705375432968,143
0.5574052929878235,0.5574052929878235,16.00303840637207,16.00303840637207,0.15707120299339294,0.15707120299339294,144
0.6126092076301575,0.6126092076301575,16.77678108215332,16.77678108215332,0.07061542570590973,0.07061542570590973,145
0.8470775485038757,0.8470775485038757,19.727792739868164,19.727792739868164,0.058367665857076645,0.058367665857076645,146
0.46222835779190063,0.46222835779190063,14.572874069213867,14.572874069213867,0.1324189454317093,0.1324189454317093,147
0.5675845146179199,0.5675845146179199,16.148500442504883,16.148500442504883,0.10534773021936417,0.10534773021936417,148
0.46151140332221985,0.46151140332221985,14.561567306518555,14.561567306518555,0.11328868567943573,0.11328868567943573,149
0.6354404091835022,0.6354404091835022,17.086549758911133,17.086549758911133,0.0729752779006958,0.0729752779006958,150
0.4644503891468048,0.4644503891468048,14.607857704162598,14.607857704162598,0.17889872193336487,0.17889872193336487,151
0.44657549262046814,0.44657549262046814,14.324000358581543,14.324000358581543,0.10775300115346909,0.10775300115346909,152
0.5525931119918823,0.5525931119918823,15.933810234069824,15.933810234069824,0.06591483950614929,0.06591483950614929,153
0.6009635925292969,0.6009635925292969,16.616554260253906,16.616554260253906,0.06723327189683914,0.06723327189683914,154
0.5676543116569519,0.5676543116569519,16.149492263793945,16.149492263793945,0.13700227439403534,0.13700227439403534,155
0.5594423413276672,0.5594423413276672,16.03225326538086,16.03225326538086,0.13870243728160858,0.13870243728160858,156
0.4238467812538147,0.4238467812538147,13.954728126525879,13.954728126525879,0.13482651114463806,0.13482651114463806,157
0.4862978160381317,0.4862978160381317,14.94748306274414,14.94748306274414,0.023581625893712044,0.023581625893712044,158
0.4931773245334625,0.4931773245334625,15.052839279174805,15.052839279174805,0.09801188856363297,0.09801188856363297,159
0.6052851676940918,0.6052851676940918,16.676193237304688,16.676193237304688,0.11888658255338669,0.11888658255338669,160
0.6780792474746704,0.6780792474746704,17.65050506591797,17.65050506591797,0.19036735594272614,0.19036735594272614,161
0.5874303579330444,0.5874303579330444,16.42839241027832,16.42839241027832,0.04873688519001007,0.04873688519001007,162
0.551982045173645,0.551982045173645,15.924997329711914,15.924997329711914,0.09591510146856308,0.09591510146856308,163
0.35654085874557495,0.35654085874557495,12.798869132995605,12.798869132995605,0.22900772094726562,0.22900772094726562,164
0.5932996869087219,0.5932996869087219,16.51026153564453,16.51026153564453,-0.007749896962195635,-0.007749896962195635,165
0.5761785507202148,0.5761785507202148,16.270294189453125,16.270294189453125,0.02751024253666401,0.02751024253666401,166
0.582241952419281,0.582241952419281,16.355682373046875,16.355682373046875,0.028954176232218742,0.028954176232218742,167
0.3616539537906647,0.3616539537906647,12.890315055847168,12.890315055847168,0.06822121143341064,0.06822121143341064,168
0.5366851091384888,0.5366851091384888,15.702784538269043,15.702784538269043,0.058409303426742554,0.058409303426742554,169
0.4592542052268982,0.4592542052268982,14.525915145874023,14.525915145874023,0.09429905563592911,0.09429905563592911,170
0.6763883829116821,0.6763883829116821,17.62848472595215,17.62848472595215,0.07325142621994019,0.07325142621994019,171
0.5097220540046692,0.5097220540046692,15.30324935913086,15.30324935913086,0.08812061697244644,0.08812061697244644,172
0.5687159299850464,0.5687159299850464,16.16458511352539,16.16458511352539,0.052611034363508224,0.052611034363508224,173
0.5124733448028564,0.5124733448028564,15.344493865966797,15.344493865966797,0.06095140054821968,0.06095140054821968,174
0.5508230328559875,0.5508230328559875,15.908270835876465,15.908270835876465,0.08943413943052292,0.08943413943052292,175
0.5308901071548462,0.5308901071548462,15.617777824401855,15.617777824401855,0.11182032525539398,0.11182032525539398,176
0.4663523733615875,0.4663523733615875,14.637739181518555,14.637739181518555,0.032385971397161484,0.032385971397161484,177
0.5768641829490662,0.5768641829490662,16.27997398376465,16.27997398376465,0.0780736654996872,0.0780736654996872,178
0.5096413493156433,0.5096413493156433,15.30203628540039,15.30203628540039,0.08757802844047546,0.08757802844047546,179
0.6078901290893555,0.6078901290893555,16.712039947509766,16.712039947509766,0.33047598600387573,0.33047598600387573,180
0.5573439002037048,0.5573439002037048,16.00215721130371,16.00215721130371,0.009924383834004402,0.009924383834004402,181
0.4263761043548584,0.4263761043548584,13.99630355834961,13.99630355834961,0.11819781363010406,0.11819781363010406,182
0.5776651501655579,0.5776651501655579,16.29127311706543,16.29127311706543,0.11707349121570587,0.11707349121570587,183
0.5280361175537109,0.5280361175537109,15.575740814208984,15.575740814208984,0.09224879741668701,0.09224879741668701,184
0.6102989912033081,0.6102989912033081,16.7451171875,16.7451171875,0.03173595294356346,0.03173595294356346,185
0.6216551065444946,0.6216551065444946,16.900192260742188,16.900192260742188,0.05184965580701828,0.05184965580701828,186
0.3745582103729248,0.3745582103729248,13.118269920349121,13.118269920349121,0.040067169815301895,0.040067169815301895,187
0.608844518661499,0.608844518661499,16.72515296936035,16.72515296936035,0.2054622620344162,0.2054622620344162,188
0.6413683891296387,0.6413683891296387,17.16606330871582,17.16606330871582,-0.012037680484354496,-0.012037680484354496,189
0.5867919325828552,0.5867919325828552,16.419464111328125,16.419464111328125,0.01700369454920292,0.01700369454920292,190
0.5117045044898987,0.5117045044898987,15.332979202270508,15.332979202270508,0.06311638653278351,0.06311638653278351,191
0.4969426691532135,0.4969426691532135,15.11019515991211,15.11019515991211,0.08646654337644577,0.08646654337644577,192
0.42617911100387573,0.42617911100387573,13.99306869506836,13.99306869506836,0.08168811351060867,0.08168811351060867,193
0.5770468711853027,0.5770468711853027,16.282550811767578,16.282550811767578,-0.011285310611128807,-0.011285310611128807,194
0.5117315649986267,0.5117315649986267,15.333383560180664,15.333383560180664,0.0831529051065445,0.0831529051065445,195
0.5217047333717346,0.5217047333717346,15.482080459594727,15.482080459594727,0.2633441686630249,0.2633441686630249,196
0.5835956335067749,0.5835956335067749,16.374683380126953,16.374683380126953,-0.014280878938734531,-0.014280878938734531,197
0.5524587035179138,0.5524587035179138,15.931873321533203,15.931873321533203,-0.029400542378425598,-0.029400542378425598,198
0.33123964071273804,0.33123964071273804,12.336389541625977,12.336389541625977,0.06375254690647125,0.06375254690647125,199
0.5589393377304077,0.5589393377304077,16.02504539489746,16.02504539489746,0.22332863509655,0.22332863509655,200
0.5459808111190796,0.5459808111190796,15.838191986083984,15.838191986083984,-0.001204420463182032,-0.001204420463182032,201
0.5048211216926575,0.5048211216926575,15.229500770568848,15.229500770568848,0.02878132089972496,0.02878132089972496,202
0.5200280547142029,0.5200280547142029,15.457180976867676,15.457180976867676,0.18898159265518188,0.18898159265518188,203
0.6224310398101807,0.6224310398101807,16.910737991333008,16.910737991333008,0.1505134254693985,0.1505134254693985,204
0.5852722525596619,0.5852722525596619,16.3981876373291,16.3981876373291,-0.05311710387468338,-0.05311710387468338,205
0.36781638860702515,0.36781638860702515,12.999672889709473,12.999672889709473,-0.05974753201007843,-0.05974753201007843,206
0.58656245470047,0.58656245470047,16.41625213623047,16.41625213623047,-0.02657436579465866,-0.02657436579465866,207
0.5652657747268677,0.5652657747268677,16.115480422973633,16.115480422973633,0.01481049507856369,0.01481049507856369,208
0.4982846677303314,0.4982846677303314,15.130582809448242,15.130582809448242,-0.13018101453781128,-0.13018101453781128,209
0.8281481862068176,0.8281481862068176,19.506120681762695,19.506120681762695,0.018888073042035103,0.018888073042035103,210
0.5873876810073853,0.5873876810073853,16.427797317504883,16.427797317504883,-0.02000168338418007,-0.02000168338418007,211
0.41185763478279114,0.41185763478279114,13.755946159362793,13.755946159362793,0.03778315335512161,0.03778315335512161,212
0.4646415114402771,0.4646415114402771,14.61086368560791,14.61086368560791,-0.03563303127884865,-0.03563303127884865,213
0.5906615257263184,0.5906615257263184,16.473514556884766,16.473514556884766,-0.1214829608798027,-0.1214829608798027,214
0.7598491907119751,0.7598491907119751,18.684463500976562,18.684463500976562,0.05898994579911232,0.05898994579911232,215
0.5923932790756226,0.5923932790756226,16.497644424438477,16.497644424438477,-0.024462778121232986,-0.024462778121232986,216
0.7031471729278564,0.7031471729278564,17.973804473876953,17.973804473876953,-0.13606958091259003,-0.13606958091259003,217
0.6583012938499451,0.6583012938499451,17.391189575195312,17.391189575195312,-0.0918038859963417,-0.0918038859963417,218
0.6182344555854797,0.6182344555854797,16.8536319732666,16.8536319732666,-0.062050167471170425,-0.062050167471170425,219
0.5966106653213501,0.5966106653213501,16.5562686920166,16.5562686920166,-0.029175981879234314,-0.029175981879234314,220
0.5961229205131531,0.5961229205131531,16.549497604370117,16.549497604370117,-0.12983816862106323,-0.12983816862106323,221
0.5764731168746948,0.5764731168746948,16.274456024169922,16.274456024169922,-0.1340983510017395,-0.1340983510017395,222
0.6191970109939575,0.6191970109939575,16.86674690246582,16.86674690246582,-0.098020538687706,-0.098020538687706,223
0.5640543103218079,0.5640543103218079,16.098201751708984,16.098201751708984,-0.04169144108891487,-0.04169144108891487,224
0.6411836743354797,0.6411836743354797,17.163589477539062,17.163589477539062,-0.09916072338819504,-0.09916072338819504,225
0.6646152138710022,0.6646152138710022,17.47439193725586,17.47439193725586,-0.1580224335193634,-0.1580224335193634,226
0.5589507222175598,0.5589507222175598,16.02520751953125,16.02520751953125,-0.06938936561346054,-0.06938936561346054,227
0.6829017400741577,0.6829017400741577,17.713157653808594,17.713157653808594,-0.059403207153081894,-0.059403207153081894,228
0.5195533633232117,0.5195533633232117,15.450124740600586,15.450124740600586,-0.15991713106632233,-0.15991713106632233,229
0.5593168139457703,0.5593168139457703,16.030454635620117,16.030454635620117,-0.10210336744785309,-0.10210336744785309,230
0.5039478540420532,0.5039478540420532,15.21632194519043,15.21632194519043,-0.1259939968585968,-0.1259939968585968,231
0.6228624582290649,0.6228624582290649,16.916597366333008,16.916597366333008,-0.06303431838750839,-0.06303431838750839,232
0.6000048518180847,0.6000048518180847,16.603294372558594,16.603294372558594,-0.16428020596504211,-0.16428020596504211,233
0.5785285830497742,0.5785285830497742,16.303442001342773,16.303442001342773,-0.18144740164279938,-0.18144740164279938,234
0.6599856019020081,0.6599856019020081,17.413423538208008,17.413423538208008,-0.012424272485077381,-0.012424272485077381,235
0.5746129751205444,0.5746129751205444,16.2481746673584,16.2481746673584,-0.11020536720752716,-0.11020536720752716,236
0.6477439403533936,0.6477439403533936,17.251169204711914,17.251169204711914,-0.13042892515659332,-0.13042892515659332,237
0.7194194793701172,0.7194194793701172,18.180593490600586,18.180593490600586,-0.1632407158613205,-0.1632407158613205,238
0.6165347695350647,0.6165347695350647,16.830448150634766,16.830448150634766,-0.10945634543895721,-0.10945634543895721,239
0.5988717079162598,0.5988717079162598,16.587610244750977,16.587610244750977,-0.07397474348545074,-0.07397474348545074,240
0.667221188545227,0.667221188545227,17.508615493774414,17.508615493774414,-0.18737533688545227,-0.18737533688545227,241
0.5018707513809204,0.5018707513809204,15.184931755065918,15.184931755065918,-0.1706140637397766,-0.1706140637397766,242
0.6407071352005005,0.6407071352005005,17.157209396362305,17.157209396362305,-0.09804987162351608,-0.09804987162351608,243
0.47485899925231934,0.47485899925231934,14.770636558532715,14.770636558532715,-0.11223431676626205,-0.11223431676626205,244
0.6939688920974731,0.6939688920974731,17.85611343383789,17.85611343383789,-0.16119317710399628,-0.16119317710399628,245
0.5081266760826111,0.5081266760826111,15.279281616210938,15.279281616210938,-0.15704895555973053,-0.15704895555973053,246
0.6294422149658203,0.6294422149658203,17.005714416503906,17.005714416503906,-0.11469428241252899,-0.11469428241252899,247
0.5872625708580017,0.5872625708580017,16.42604637145996,16.42604637145996,-0.022110503166913986,-0.022110503166913986,248
0.5027006268501282,0.5027006268501282,15.197480201721191,15.197480201721191,-0.14939390122890472,-0.14939390122890472,249
0.5257186889648438,0.5257186889648438,15.541523933410645,15.541523933410645,-0.07149089872837067,-0.07149089872837067,250
0.6628562808036804,0.6628562808036804,17.451251983642578,17.451251983642578,-0.10207577049732208,-0.10207577049732208,251
0.4990427792072296,0.4990427792072296,15.142088890075684,15.142088890075684,-0.06289170682430267,-0.06289170682430267,252
0.6584920287132263,0.6584920287132263,17.393707275390625,17.393707275390625,-0.14177370071411133,-0.14177370071411133,253
0.6868197917938232,0.6868197917938232,17.763900756835938,17.763900756835938,-0.15083394944667816,-0.15083394944667816,254
0.6667113304138184,0.6667113304138184,17.501924514770508,17.501924514770508,-0.07448335736989975,-0.07448335736989975,255
0.6816983819007874,0.6816983819007874,17.697546005249023,17.697546005249023,-0.058405231684446335,-0.058405231684446335,256
0.6449375748634338,0.6449375748634338,17.213760375976562,17.213760375976562,-0.12967227399349213,-0.12967227399349213,257
0.46555954217910767,0.46555954217910767,14.62529182434082,14.62529182434082,-0.08182145655155182,-0.08182145655155182,258
0.5874528884887695,0.5874528884887695,16.428709030151367,16.428709030151367,-0.06104949116706848,-0.06104949116706848,259
0.6313058137893677,0.6313058137893677,17.03087043762207,17.03087043762207,-0.050768475979566574,-0.050768475979566574,260
0.6513556241989136,0.6513556241989136,17.2992000579834,17.2992000579834,-0.14317770302295685,-0.14317770302295685,261
0.6748207807540894,0.6748207807540894,17.60804557800293,17.60804557800293,-0.130523681640625,-0.130523681640625,262
0.5881255269050598,0.5881255269050598,16.4381103515625,16.4381103515625,-0.08847161382436752,-0.08847161382436752,263
0.6295297145843506,0.6295297145843506,17.006893157958984,17.006893157958984,-0.04922754317522049,-0.04922754317522049,264
0.5865134596824646,0.5865134596824646,16.41556739807129,16.41556739807129,-0.12387819588184357,-0.12387819588184357,265
0.5056453943252563,0.5056453943252563,15.24193000793457,15.24193000793457,-0.11177729070186615,-0.11177729070186615,266
0.8402285575866699,0.8402285575866699,19.647876739501953,19.647876739501953,-0.09132586419582367,-0.09132586419582367,267
0.5543162226676941,0.5543162226676941,15.958633422851562,15.958633422851562,0.03841068968176842,0.03841068968176842,268
0.6155738234519958,0.6155738234519958,16.817325592041016,16.817325592041016,-0.1724047213792801,-0.1724047213792801,269
0.6670598387718201,0.6670598387718201,17.506498336791992,17.506498336791992,-0.12778763473033905,-0.12778763473033905,270
0.4491339921951294,0.4491339921951294,14.364974975585938,14.364974975585938,-0.10528102517127991,-0.10528102517127991,271
0.3105716407299042,0.3105716407299042,11.945320129394531,11.945320129394531,0.04877037554979324,0.04877037554979324,272
0.7153233289718628,0.7153233289718628,18.128759384155273,18.128759384155273,-0.17260605096817017,-0.17260605096817017,273
0.7121259570121765,0.7121259570121765,18.088199615478516,18.088199615478516,-0.1249200627207756,-0.1249200627207756,274
0.41472458839416504,0.41472458839416504,13.803740501403809,13.803740501403809,-0.12059212476015091,-0.12059212476015091,275
0.5850778222084045,0.5850778222084045,16.395463943481445,16.395463943481445,-0.06410790979862213,-0.06410790979862213,276
0.7024610042572021,0.7024610042572021,17.965030670166016,17.965030670166016,-0.19916404783725739,-0.19916404783725739,277
0.5079506635665894,0.5079506635665894,15.276633262634277,15.276633262634277,-0.11797476559877396,-0.11797476559877396,278
0.7084844708442688,0.7084844708442688,18.041893005371094,18.041893005371094,-0.0898078978061676,-0.0898078978061676,279
0.5983573198318481,0.5983573198318481,16.58048439025879,16.58048439025879,-0.10053517669439316,-0.10053517669439316,280
0.7876032590866089,0.7876032590866089,19.022634506225586,19.022634506225586,-0.11347930133342743,-0.11347930133342743,281
0.7083730101585388,0.7083730101585388,18.04047203063965,18.04047203063965,-0.19049732387065887,-0.19049732387065887,282
0.6651761531829834,0.6651761531829834,17.481761932373047,17.481761932373047,-0.1359916776418686,-0.1359916776418686,283
0.45794665813446045,0.45794665813446045,14.505221366882324,14.505221366882324,-0.10375047475099564,-0.10375047475099564,284
0.7223400473594666,0.7223400473594666,18.217458724975586,18.217458724975586,-0.20551156997680664,-0.20551156997680664,285
0.7393273115158081,0.7393273115158081,18.430421829223633,18.430421829223633,-0.17885760962963104,-0.17885760962963104,286
0.703045129776001,0.703045129776001,17.97249984741211,17.97249984741211,-0.1295527070760727,-0.1295527070760727,287
0.6265997886657715,0.6265997886657715,16.96727180480957,16.96727180480957,-0.07811914384365082,-0.07811914384365082,288
0.7809690833091736,0.7809690833091736,18.94234848022461,18.94234848022461,-0.1015288382768631,-0.1015288382768631,289
0.7360529899597168,0.7360529899597168,18.389564514160156,18.389564514160156,-0.16085034608840942,-0.16085034608840942,290
0.6640554070472717,0.6640554070472717,17.467031478881836,17.467031478881836,-0.10647034645080566,-0.10647034645080566,291
0.6101884841918945,0.6101884841918945,16.743602752685547,16.743602752685547,-0.06276433914899826,-0.06276433914899826,292
0.7483105659484863,0.7483105659484863,18.54205322265625,18.54205322265625,-0.159466952085495,-0.159466952085495,293
0.6625043749809265,0.6625043749809265,17.446619033813477,17.446619033813477,-0.1659097522497177,-0.1659097522497177,294
0.517008364200592,0.517008364200592,15.412237167358398,15.412237167358398,-0.11877217143774033,-0.11877217143774033,295
0.7659208178520203,0.7659208178520203,18.758962631225586,18.758962631225586,0.051576435565948486,0.051576435565948486,296
0.6947247982025146,0.6947247982025146,17.865835189819336,17.865835189819336,-0.17151054739952087,-0.17151054739952087,297
0.7325670123100281,0.7325670123100281,18.345966339111328,18.345966339111328,-0.1557116061449051,-0.1557116061449051,298
0.6638644337654114,0.6638644337654114,17.46451759338379,17.46451759338379,-0.11399293690919876,-0.11399293690919876,299
0.6135759353637695,0.6135759353637695,16.790014266967773,16.790014266967773,-0.07766193896532059,-0.07766193896532059,300
0.7248967885971069,0.7248967885971069,18.24966812133789,18.24966812133789,-0.1738705039024353,-0.1738705039024353,301
0.6779809594154358,0.6779809594154358,17.64922523498535,17.64922523498535,-0.17801927030086517,-0.17801927030086517,302
0.75728440284729,0.75728440284729,18.652902603149414,18.652902603149414,-0.027576621621847153,-0.027576621621847153,303
0.6979129910469055,0.6979129910469055,17.906784057617188,17.906784057617188,-0.080388143658638,-0.080388143658638,304
0.5554772019386292,0.5554772019386292,15.975336074829102,15.975336074829102,-0.19016246497631073,-0.19016246497631073,305
0.6785534620285034,0.6785534620285034,17.656675338745117,17.656675338745117,-0.19331799447536469,-0.19331799447536469,306
0.5475354194641113,0.5475354194641113,15.860724449157715,15.860724449157715,-0.08469147980213165,-0.08469147980213165,307
0.6853141188621521,0.6853141188621521,17.744417190551758,17.744417190551758,-0.09848443418741226,-0.09848443418741226,308
0.9115463495254517,0.9115463495254517,20.46474266052246,20.46474266052246,-0.148895725607872,-0.148895725607872,309
0.7615645527839661,0.7615645527839661,18.705541610717773,18.705541610717773,-0.18815727531909943,-0.18815727531909943,310
0.7604585886001587,0.7604585886001587,18.691951751708984,18.691951751708984,-0.15704281628131866,-0.15704281628131866,311
0.5260242223739624,0.5260242223739624,15.546039581298828,15.546039581298828,-0.1380777209997177,-0.1380777209997177,312
0.6855909824371338,0.6855909824371338,17.748001098632812,17.748001098632812,-0.21032258868217468,-0.21032258868217468,313
0.7160657644271851,0.7160657644271851,18.138164520263672,18.138164520263672,-0.18664366006851196,-0.18664366006851196,314
0.48392653465270996,0.48392653465270996,14.910995483398438,14.910995483398438,-0.22506268322467804,-0.22506268322467804,315
0.6011220216751099,0.6011220216751099,16.618743896484375,16.618743896484375,-0.15415224432945251,-0.15415224432945251,316
0.7060368061065674,0.7060368061065674,18.010698318481445,18.010698318481445,-0.24645203351974487,-0.24645203351974487,317
0.7245458960533142,0.7245458960533142,18.245250701904297,18.245250701904297,-0.26950639486312866,-0.26950639486312866,318
0.7374814748764038,0.7374814748764038,18.40740203857422,18.40740203857422,-0.2029244303703308,-0.2029244303703308,319
0.6063280701637268,0.6063280701637268,16.690553665161133,16.690553665161133,-0.15891209244728088,-0.15891209244728088,320
0.6286317110061646,0.6286317110061646,16.994760513305664,16.994760513305664,-0.170009583234787,-0.170009583234787,321
0.7154965400695801,0.7154965400695801,18.130956649780273,18.130956649780273,-0.2433432638645172,-0.2433432638645172,322
0.6544334888458252,0.6544334888458252,17.34002113342285,17.34002113342285,-0.12355930358171463,-0.12355930358171463,323
0.6377989649772644,0.6377989649772644,17.118228912353516,17.118228912353516,-0.19560056924819946,-0.19560056924819946,324
0.8301066160202026,0.8301066160202026,19.529170989990234,19.529170989990234,-0.27731603384017944,-0.27731603384017944,325
0.60502690076828,0.60502690076828,16.672636032104492,16.672636032104492,-0.1926853060722351,-0.1926853060722351,326
0.45298945903778076,0.45298945903778076,14.426498413085938,14.426498413085938,-0.16031292080879211,-0.16031292080879211,327
0.6661983728408813,0.6661983728408813,17.495189666748047,17.495189666748047,-0.05846356227993965,-0.05846356227993965,328
0.7763379812240601,0.7763379812240601,18.8861026763916,18.8861026763916,-0.27117422223091125,-0.27117422223091125,329
0.512468695640564,0.512468695640564,15.344423294067383,15.344423294067383,-0.19031105935573578,-0.19031105935573578,330
0.7341549396514893,0.7341549396514893,18.3658390045166,18.3658390045166,-0.20358066260814667,-0.20358066260814667,331
0.8581804037094116,0.8581804037094116,19.856660842895508,19.856660842895508,-0.20001329481601715,-0.20001329481601715,332
0.7831334471702576,0.7831334471702576,18.968578338623047,18.968578338623047,-0.27405112981796265,-0.27405112981796265,333
0.8881365060806274,0.8881365060806274,20.20025062561035,20.20025062561035,-0.20291563868522644,-0.20291563868522644,334
0.6903711557388306,0.6903711557388306,17.809764862060547,17.809764862060547,-0.22523917257785797,-0.22523917257785797,335
0.7165002822875977,0.7165002822875977,18.143667221069336,18.143667221069336,-0.15309405326843262,-0.15309405326843262,336
0.5473384857177734,0.5473384857177734,15.857872009277344,15.857872009277344,-0.20430314540863037,-0.20430314540863037,337
0.49764105677604675,0.49764105677604675,15.120808601379395,15.120808601379395,-0.18577218055725098,-0.18577218055725098,338
0.6196443438529968,0.6196443438529968,16.872838973999023,16.872838973999023,-0.1552971750497818,-0.1552971750497818,339
0.5627886652946472,0.5627886652946472,16.080129623413086,16.080129623413086,-0.09892033040523529,-0.09892033040523529,340
0.8455378413200378,0.8455378413200378,19.709854125976562,19.709854125976562,-0.22401869297027588,-0.22401869297027588,341
0.7127436995506287,0.7127436995506287,18.096040725708008,18.096040725708008,-0.21726548671722412,-0.21726548671722412,342
0.6382616758346558,0.6382616758346558,17.12443733215332,17.12443733215332,-0.10495893657207489,-0.10495893657207489,343
0.7281187772750854,0.7281187772750854,18.29018211364746,18.29018211364746,-0.09262081980705261,-0.09262081980705261,344
0.7932345867156982,0.7932345867156982,19.090518951416016,19.090518951416016,-0.1869455873966217,-0.1869455873966217,345
0.692794680595398,0.692794680595398,17.840999603271484,17.840999603271484,-0.1659378707408905,-0.1659378707408905,346
1.0588932037353516,1.0588932037353516,22.056821823120117,22.056821823120117,-0.1262517124414444,-0.1262517124414444,347
0.7138857245445251,0.7138857245445251,18.110532760620117,18.110532760620117,-0.0895509347319603,-0.0895509347319603,348
0.734362006187439,0.734362006187439,18.368431091308594,18.368431091308594,-0.20337608456611633,-0.20337608456611633,349
0.7821950912475586,0.7821950912475586,18.957210540771484,18.957210540771484,-0.2282559722661972,-0.2282559722661972,350
0.5280080437660217,0.5280080437660217,15.575328826904297,15.575328826904297,-0.15905900299549103,-0.15905900299549103,351
0.763660728931427,0.763660728931427,18.731264114379883,18.731264114379883,-0.11628270149230957,-0.11628270149230957,352
0.6171925067901611,0.6171925067901611,16.83942413330078,16.83942413330078,-0.2399848997592926,-0.2399848997592926,353
0.6482321619987488,0.6482321619987488,17.257671356201172,17.257671356201172,-0.21199871599674225,-0.21199871599674225,354
0.6978318691253662,0.6978318691253662,17.905742645263672,17.905742645263672,-0.18216776847839355,-0.18216776847839355,355
0.6924353837966919,0.6924353837966919,17.83637237548828,17.83637237548828,-0.16603770852088928,-0.16603770852088928,356
0.7866595387458801,0.7866595387458801,19.011234283447266,19.011234283447266,-0.28788986802101135,-0.28788986802101135,357
0.716583788394928,0.716583788394928,18.144725799560547,18.144725799560547,-0.2663426399230957,-0.2663426399230957,358
0.6442995071411133,0.6442995071411133,17.205242156982422,17.205242156982422,-0.20032501220703125,-0.20032501220703125,359
1.0306001901626587,1.0306001901626587,21.760154724121094,21.760154724121094,-0.22296109795570374,-0.22296109795570374,360
0.8674960136413574,0.8674960136413574,19.964141845703125,19.964141845703125,-0.23322273790836334,-0.23322273790836334,361
0.5594475865364075,0.5594475865364075,16.03232765197754,16.03232765197754,-0.1837357133626938,-0.1837357133626938,362
0.6897131204605103,0.6897131204605103,17.80127716064453,17.80127716064453,-0.19738750159740448,-0.19738750159740448,363
0.7260108590126038,0.7260108590126038,18.263687133789062,18.263687133789062,-0.17063574492931366,-0.17063574492931366,364
0.7339776754379272,0.7339776754379272,18.36362075805664,18.36362075805664,-0.26008760929107666,-0.26008760929107666,365
0.9256505966186523,0.9256505966186523,20.622459411621094,20.622459411621094,-0.20240531861782074,-0.20240531861782074,366
0.7032372355461121,0.7032372355461121,17.97495460510254,17.97495460510254,-0.22546057403087616,-0.22546057403087616,367
0.7096779942512512,0.7096779942512512,18.057079315185547,18.057079315185547,-0.16527192294597626,-0.16527192294597626,368
0.7636229395866394,0.7636229395866394,18.730802536010742,18.730802536010742,-0.30021023750305176,-0.30021023750305176,369
0.7823611497879028,0.7823611497879028,18.9592227935791,18.9592227935791,-0.3118670880794525,-0.3118670880794525,370
0.6873188018798828,0.6873188018798828,17.77035140991211,17.77035140991211,-0.21690627932548523,-0.21690627932548523,371
0.6917703151702881,0.6917703151702881,17.827804565429688,17.827804565429688,-0.22968368232250214,-0.22968368232250214,372
0.775084376335144,0.775084376335144,18.870847702026367,18.870847702026367,-0.32358935475349426,-0.32358935475349426,373
0.6882301568984985,0.6882301568984985,17.782127380371094,17.782127380371094,-0.3168865442276001,-0.3168865442276001,374
0.7310330867767334,0.7310330867767334,18.326749801635742,18.326749801635742,-0.2746139466762543,-0.2746139466762543,375
0.7754835486412048,0.7754835486412048,18.875707626342773,18.875707626342773,-0.2140446901321411,-0.2140446901321411,376
0.6049622297286987,0.6049622297286987,16.67174530029297,16.67174530029297,-0.33600547909736633,-0.33600547909736633,377
0.5894008278846741,0.5894008278846741,16.45592498779297,16.45592498779297,-0.32429471611976624,-0.32429471611976624,378
0.7844877243041992,0.7844877243041992,18.98497200012207,18.98497200012207,-0.23959863185882568,-0.23959863185882568,379
0.7213213443756104,0.7213213443756104,18.204605102539062,18.204605102539062,-0.276872843503952,-0.276872843503952,380
0.7585493326187134,0.7585493326187134,18.668472290039062,18.668472290039062,-0.34716156125068665,-0.34716156125068665,381
0.7421123385429382,0.7421123385429382,18.465103149414062,18.465103149414062,-0.3494799733161926,-0.3494799733161926,382
0.7104126811027527,0.7104126811027527,18.06642723083496,18.06642723083496,-0.2869524657726288,-0.2869524657726288,383
0.7564411163330078,0.7564411163330078,18.642513275146484,18.642513275146484,-0.30273547768592834,-0.30273547768592834,384
0.5244563817977905,0.5244563817977905,15.522855758666992,15.522855758666992,-0.3315854072570801,-0.3315854072570801,385
0.7218245267868042,0.7218245267868042,18.210956573486328,18.210956573486328,-0.34865882992744446,-0.34865882992744446,386
0.7440940141677856,0.7440940141677856,18.4897403717041,18.4897403717041,-0.28657785058021545,-0.28657785058021545,387
0.7774600386619568,0.7774600386619568,18.89974594116211,18.89974594116211,-0.3314363360404968,-0.3314363360404968,388
0.7688841223716736,0.7688841223716736,18.795217514038086,18.795217514038086,-0.40010008215904236,-0.40010008215904236,389
0.5192257761955261,0.5192257761955261,15.445253372192383,15.445253372192383,-0.34637176990509033,-0.34637176990509033,390
0.73949134349823,0.73949134349823,18.43246841430664,18.43246841430664,-0.34854790568351746,-0.34854790568351746,391
0.7213965654373169,0.7213965654373169,18.205554962158203,18.205554962158203,-0.31045132875442505,-0.31045132875442505,392
0.7074997425079346,0.7074997425079346,18.029348373413086,18.029348373413086,-0.35710951685905457,-0.35710951685905457,393
0.5437107086181641,0.5437107086181641,15.805231094360352,15.805231094360352,-0.43445098400115967,-0.43445098400115967,394
0.7438300848007202,0.7438300848007202,18.486459732055664,18.486459732055664,-0.3577275574207306,-0.3577275574207306,395
0.7766872644424438,0.7766872644424438,18.890348434448242,18.890348434448242,-0.32971900701522827,-0.32971900701522827,396
0.7720966935157776,0.7720966935157776,18.834442138671875,18.834442138671875,-0.40326645970344543,-0.40326645970344543,397
0.5231672525405884,0.5231672525405884,15.503766059875488,15.503766059875488,-0.32732877135276794,-0.32732877135276794,398
0.6554057002067566,0.6554057002067566,17.35289764404297,17.35289764404297,-0.3702417016029358,-0.3702417016029358,399
0.4172779619693756,0.4172779619693756,13.846170425415039,13.846170425415039,-0.24551759660243988,-0.24551759660243988,400
0.6740886569023132,0.6740886569023132,17.59848976135254,17.59848976135254,-0.409564733505249,-0.409564733505249,401
0.8060874938964844,0.8060874938964844,19.24456024169922,19.24456024169922,-0.4107985198497772,-0.4107985198497772,402
0.7387996315956116,0.7387996315956116,18.423843383789062,18.423843383789062,-0.37094423174858093,-0.37094423174858093,403
0.6239317655563354,0.6239317655563354,16.93111228942871,16.93111228942871,-0.25166502594947815,-0.25166502594947815,404
0.8030338883399963,0.8030338883399963,19.20807456970215,19.20807456970215,-0.3543478846549988,-0.3543478846549988,405
0.8012661337852478,0.8012661337852478,19.18692398071289,19.18692398071289,-0.4083728492259979,-0.4083728492259979,406
0.4952881932258606,0.4952881932258606,15.085020065307617,15.085020065307617,-0.32508787512779236,-0.32508787512779236,407
0.7986779808998108,0.7986779808998108,19.155908584594727,19.155908584594727,-0.30472058057785034,-0.30472058057785034,408
0.797326385974884,0.797326385974884,19.139692306518555,19.139692306518555,-0.42492321133613586,-0.42492321133613586,409
0.7645602822303772,0.7645602822303772,18.742298126220703,18.742298126220703,-0.4499112665653229,-0.4499112665653229,410
0.7451863884925842,0.7451863884925842,18.50330924987793,18.50330924987793,-0.36931559443473816,-0.36931559443473816,411
0.7648861408233643,0.7648861408233643,18.746288299560547,18.746288299560547,-0.37034839391708374,-0.37034839391708374,412
0.8659031391143799,0.8659031391143799,19.945804595947266,19.945804595947266,-0.3699464201927185,-0.3699464201927185,413
0.7340384721755981,0.7340384721755981,18.364383697509766,18.364383697509766,-0.38723665475845337,-0.38723665475845337,414
0.5540608763694763,0.5540608763694763,15.954957962036133,15.954957962036133,-0.32440802454948425,-0.32440802454948425,415
0.7265691757202148,0.7265691757202148,18.270709991455078,18.270709991455078,-0.30488908290863037,-0.30488908290863037,416
0.6809743046760559,0.6809743046760559,17.688142776489258,17.688142776489258,-0.39069950580596924,-0.39069950580596924,417
0.7511270046234131,0.7511270046234131,18.576913833618164,18.576913833618164,-0.354841411113739,-0.354841411113739,418
0.796419084072113,0.796419084072113,19.128801345825195,19.128801345825195,-0.28365764021873474,-0.28365764021873474,419
0.7447001934051514,0.7447001934051514,18.497270584106445,18.497270584106445,-0.2748620808124542,-0.2748620808124542,420
0.7404786348342896,0.7404786348342896,18.444766998291016,18.444766998291016,-0.36328014731407166,-0.36328014731407166,421
0.748818576335907,0.748818576335907,18.5483455657959,18.5483455657959,-0.34188663959503174,-0.34188663959503174,422
0.6472722291946411,0.6472722291946411,17.244888305664062,17.244888305664062,-0.2658863365650177,-0.2658863365650177,423
0.8586152791976929,0.8586152791976929,19.861690521240234,19.861690521240234,-0.2323615700006485,-0.2323615700006485,424
0.8100639581680298,0.8100639581680298,19.291967391967773,19.291967391967773,-0.35466277599334717,-0.35466277599334717,425
0.7403433918952942,0.7403433918952942,18.443082809448242,18.443082809448242,-0.3520476520061493,-0.3520476520061493,426
0.7319532632827759,0.7319532632827759,18.33827781677246,18.33827781677246,-0.2829204499721527,-0.2829204499721527,427
0.5177941918373108,0.5177941918373108,15.423946380615234,15.423946380615234,-0.23355135321617126,-0.23355135321617126,428
0.7402051687240601,0.7402051687240601,18.441360473632812,18.441360473632812,-0.3869799077510834,-0.3869799077510834,429
0.6888061165809631,0.6888061165809631,17.789567947387695,17.789567947387695,-0.3526698052883148,-0.3526698052883148,430
0.941092848777771,0.941092848777771,20.793766021728516,20.793766021728516,-0.27089372277259827,-0.27089372277259827,431
0.7596666812896729,0.7596666812896729,18.682218551635742,18.682218551635742,-0.2665872275829315,-0.2665872275829315,432
0.5782850980758667,0.5782850980758667,16.300010681152344,16.300010681152344,-0.34991949796676636,-0.34991949796676636,433
0.7181816101074219,0.7181816101074219,18.16494369506836,18.16494369506836,-0.3599376976490021,-0.3599376976490021,434
0.7566102743148804,0.7566102743148804,18.64459991455078,18.64459991455078,-0.25955864787101746,-0.25955864787101746,435
0.7131386995315552,0.7131386995315552,18.101055145263672,18.101055145263672,-0.297303706407547,-0.297303706407547,436
0.5941464900970459,0.5941464900970459,16.52203941345215,16.52203941345215,-0.36144256591796875,-0.36144256591796875,437
0.5512798428535461,0.5512798428535461,15.914864540100098,15.914864540100098,-0.3526775538921356,-0.3526775538921356,438
0.6738845705986023,0.6738845705986023,17.595827102661133,17.595827102661133,-0.3104129135608673,-0.3104129135608673,439
0.7548304796218872,0.7548304796218872,18.622657775878906,18.622657775878906,-0.3046102225780487,-0.3046102225780487,440
0.5162290334701538,0.5162290334701538,15.400618553161621,15.400618553161621,-0.38263019919395447,-0.38263019919395447,441
0.7549864053726196,0.7549864053726196,18.62457847595215,18.62457847595215,-0.39450952410697937,-0.39450952410697937,442
0.5292738080024719,0.5292738080024719,15.59398365020752,15.59398365020752,-0.3156297206878662,-0.3156297206878662,443
0.7399109601974487,0.7399109601974487,18.43769645690918,18.43769645690918,-0.29483339190483093,-0.29483339190483093,444
0.7273404002189636,0.7273404002189636,18.28040313720703,18.28040313720703,-0.34244006872177124,-0.34244006872177124,445
0.7026455998420715,0.7026455998420715,17.967391967773438,17.967391967773438,-0.3745977282524109,-0.3745977282524109,446
0.7093592882156372,0.7093592882156372,18.053028106689453,18.053028106689453,-0.2853831648826599,-0.2853831648826599,447
0.5611303448677063,0.5611303448677063,16.05642318725586,16.05642318725586,-0.20945200324058533,-0.20945200324058533,448
0.6664235591888428,0.6664235591888428,17.49814796447754,17.49814796447754,-0.32917484641075134,-0.32917484641075134,449
0.6440417170524597,0.6440417170524597,17.201801300048828,17.201801300048828,-0.363556444644928,-0.363556444644928,450
0.7474504709243774,0.7474504709243774,18.531396865844727,18.531396865844727,-0.2883642613887787,-0.2883642613887787,451
0.6428082585334778,0.6428082585334778,17.185319900512695,17.185319900512695,-0.24235108494758606,-0.24235108494758606,452
0.6857540011405945,0.6857540011405945,17.750110626220703,17.750110626220703,-0.35285860300064087,-0.35285860300064087,453
0.8128210306167603,0.8128210306167603,19.324769973754883,19.324769973754883,-0.34641778469085693,-0.34641778469085693,454
0.7763855457305908,0.7763855457305908,18.886680603027344,18.886680603027344,-0.2665858864784241,-0.2665858864784241,455
0.6778068542480469,0.6778068542480469,17.64695930480957,17.64695930480957,-0.20803791284561157,-0.20803791284561157,456
0.5697957277297974,0.5697957277297974,16.17992401123047,16.17992401123047,-0.3208431303501129,-0.3208431303501129,457
0.6079386472702026,0.6079386472702026,16.712705612182617,16.712705612182617,-0.3384566903114319,-0.3384566903114319,458
0.7286761999130249,0.7286761999130249,18.297182083129883,18.297182083129883,-0.26054152846336365,-0.26054152846336365,459
0.711707353591919,0.711707353591919,18.082881927490234,18.082881927490234,-0.2040819525718689,-0.2040819525718689,460
0.7455610632896423,0.7455610632896423,18.507957458496094,18.507957458496094,-0.29336249828338623,-0.29336249828338623,461
0.7033845782279968,0.7033845782279968,17.976839065551758,17.976839065551758,-0.3334663212299347,-0.3334663212299347,462
0.7438094615936279,0.7438094615936279,18.486204147338867,18.486204147338867,-0.22015704214572906,-0.22015704214572906,463
0.7037903666496277,0.7037903666496277,17.982023239135742,17.982023239135742,-0.231679305434227,-0.231679305434227,464
0.7573671340942383,0.7573671340942383,18.653921127319336,18.653921127319336,-0.288379043340683,-0.288379043340683,465
0.6937653422355652,0.6937653422355652,17.85349464416504,17.85349464416504,-0.34644460678100586,-0.34644460678100586,466
0.719871461391449,0.719871461391449,18.18630027770996,18.18630027770996,-0.24591390788555145,-0.24591390788555145,467
0.5302576422691345,0.5302576422691345,15.60846996307373,15.60846996307373,-0.1699552983045578,-0.1699552983045578,468
0.8244548439979553,0.8244548439979553,19.462575912475586,19.462575912475586,-0.25609174370765686,-0.25609174370765686,469
0.6338770985603333,0.6338770985603333,17.065515518188477,17.065515518188477,-0.29909753799438477,-0.29909753799438477,470
0.6589000225067139,0.6589000225067139,17.399097442626953,17.399097442626953,-0.1903540939092636,-0.1903540939092636,471
0.5131078362464905,0.5131078362464905,15.353988647460938,15.353988647460938,-0.13415135443210602,-0.13415135443210602,472
0.7003491520881653,0.7003491520881653,17.938007354736328,17.938007354736328,-0.2526300549507141,-0.2526300549507141,473
0.7350904941558838,0.7350904941558838,18.37753677368164,18.37753677368164,-0.2606595456600189,-0.2606595456600189,474
0.5106905698776245,0.5106905698776245,15.317780494689941,15.317780494689941,-0.16155914962291718,-0.16155914962291718,475
0.6719473600387573,0.6719473600387573,17.57051658630371,17.57051658630371,-0.14517278969287872,-0.14517278969287872,476
0.7582206130027771,0.7582206130027771,18.6644287109375,18.6644287109375,-0.24153825640678406,-0.24153825640678406,477
0.8071009516716003,0.8071009516716003,19.256656646728516,19.256656646728516,-0.2757369875907898,-0.2757369875907898,478
0.5246709585189819,0.5246709585189819,15.526030540466309,15.526030540466309,-0.1750316619873047,-0.1750316619873047,479
0.8106702566146851,0.8106702566146851,19.2991886138916,19.2991886138916,-0.14847949147224426,-0.14847949147224426,480
0.7525103092193604,0.7525103092193604,18.594013214111328,18.594013214111328,-0.2635541260242462,-0.2635541260242462,481
0.9124256372451782,0.9124256372451782,20.474609375,20.474609375,-0.26411545276641846,-0.26411545276641846,482
0.6994978189468384,0.6994978189468384,17.927101135253906,17.927101135253906,-0.16554906964302063,-0.16554906964302063,483
0.7287151217460632,0.7287151217460632,18.297670364379883,18.297670364379883,-0.12844343483448029,-0.12844343483448029,484
0.9056103229522705,0.9056103229522705,20.397998809814453,20.397998809814453,-0.28391942381858826,-0.28391942381858826,485
0.6398656368255615,0.6398656368255615,17.145938873291016,17.145938873291016,-0.26003098487854004,-0.26003098487854004,486
0.6905186176300049,0.6905186176300049,17.811668395996094,17.811668395996094,-0.15491712093353271,-0.15491712093353271,487
0.612334668636322,0.612334668636322,16.77302360534668,16.77302360534668,-0.12458071857690811,-0.12458071857690811,488
0.5913175940513611,0.5913175940513611,16.4826602935791,16.4826602935791,-0.23900963366031647,-0.23900963366031647,489
0.8373518586158752,0.8373518586158752,19.614213943481445,19.614213943481445,-0.271197110414505,-0.271197110414505,490
0.740949809551239,0.740949809551239,18.450634002685547,18.450634002685547,-0.16301408410072327,-0.16301408410072327,491
0.7543337345123291,0.7543337345123291,18.616527557373047,18.616527557373047,-0.11558343470096588,-0.11558343470096588,492
0.7499632239341736,0.7499632239341736,18.562519073486328,18.562519073486328,-0.24088154733181,-0.24088154733181,493
0.836260974407196,0.836260974407196,19.60143280029297,19.60143280029297,-0.27735841274261475,-0.27735841274261475,494
0.6851650476455688,0.6851650476455688,17.74248695373535,17.74248695373535,-0.11393893510103226,-0.11393893510103226,495
0.6988219022750854,0.6988219022750854,17.918437957763672,17.918437957763672,-0.0985528975725174,-0.0985528975725174,496
0.7056778073310852,0.7056778073310852,18.006118774414062,18.006118774414062,-0.15446707606315613,-0.15446707606315613,497
0.8155221343040466,0.8155221343040466,19.356855392456055,19.356855392456055,-0.23966188728809357,-0.23966188728809357,498
0.6233612895011902,0.6233612895011902,16.923368453979492,16.923368453979492,-0.12402989715337753,-0.12402989715337753,499
0.8021487593650818,0.8021487593650818,19.197486877441406,19.197486877441406,-0.08631311357021332,-0.08631311357021332,500
0.7789547443389893,0.7789547443389893,18.917903900146484,18.917903900146484,-0.18884216248989105,-0.18884216248989105,501
0.6886181831359863,0.6886181831359863,17.787141799926758,17.787141799926758,-0.23986104130744934,-0.23986104130744934,502
0.6310699582099915,0.6310699582099915,17.027687072753906,17.027687072753906,-0.14827458560466766,-0.14827458560466766,503
0.671074628829956,0.671074628829956,17.559101104736328,17.559101104736328,-0.08346157521009445,-0.08346157521009445,504
0.7443771958351135,0.7443771958351135,18.493257522583008,18.493257522583008,-0.18659929931163788,-0.18659929931163788,505
0.7514817714691162,0.7514817714691162,18.581302642822266,18.581302642822266,-0.1519327610731125,-0.1519327610731125,506
0.4674105644226074,0.4674105644226074,14.654337882995605,14.654337882995605,-0.08831094950437546,-0.08831094950437546,507
0.9235718250274658,0.9235718250274658,20.599288940429688,20.599288940429688,-0.0029805719386786222,-0.0029805719386786222,508
0.6502315998077393,0.6502315998077393,17.284265518188477,17.284265518188477,-0.09011299908161163,-0.09011299908161163,509
0.7180579900741577,0.7180579900741577,18.163379669189453,18.163379669189453,-0.15555720031261444,-0.15555720031261444,510
0.6137717366218567,0.6137717366218567,16.792692184448242,16.792692184448242,-0.04390387609601021,-0.04390387609601021,511
0.7154107093811035,0.7154107093811035,18.129867553710938,18.129867553710938,0.006856237072497606,0.006856237072497606,512
